file_name,question,answer
image_0001.png,"In this image, how many Bear are present?",2
image_0002.png,How many images of Cheetah are in this image?,1
image_0003.png,"In this image, how many Leopard are present?",2
image_0004.png,Can you tell how many Cheetah images are there in this picture?,1
image_0005.png,How many times does the Cheetah appear in this image?,4
image_0006.png,What is the count of Leopard images in this image?,1
image_0007.png,"In this image, how many Leopard are present?",3
image_0008.png,How many images of Cheetah are in this image?,4
image_0009.png,How many times does the Bear appear in this image?,3
image_0010.png,How many times does the Cheetah appear in this image?,3
image_0011.png,"In this image, how many Leopard are present?",4
image_0012.png,"In this image, how many Homa are present?",1
image_0013.png,Can you tell how many Bear images are there in this picture?,1
image_0014.png,How many images of Leopard are in this image?,4
image_0015.png,How many times does the Leopard appear in this image?,3
image_0016.png,Can you tell how many Cheetah images are there in this picture?,2
image_0017.png,"In this image, how many Cheetah are present?",1
image_0018.png,How many images of Homa are in this image?,1
image_0019.png,Can you tell how many Cheetah images are there in this picture?,4
image_0020.png,What is the count of Cheetah images in this image?,4
image_0021.png,What is the count of Cheetah images in this image?,1
image_0022.png,What is the count of Homa images in this image?,2
image_0023.png,What is the count of Bear images in this image?,1
image_0024.png,How many times does the Leopard appear in this image?,1
image_0025.png,What is the count of Cheetah images in this image?,4
image_0026.png,"In this image, how many Cheetah are present?",3
image_0027.png,How many times does the Cheetah appear in this image?,3
image_0028.png,What is the count of Homa images in this image?,3
image_0029.png,How many times does the Bear appear in this image?,1
image_0030.png,"In this image, how many Bear are present?",2
image_0031.png,What is the count of Cheetah images in this image?,2
image_0032.png,"In this image, how many Homa are present?",1
image_0033.png,Can you tell how many Leopard images are there in this picture?,1
image_0034.png,"In this image, how many Leopard are present?",4
image_0035.png,Can you tell how many Homa images are there in this picture?,1
image_0036.png,What is the count of Cheetah images in this image?,3
image_0037.png,How many times does the Leopard appear in this image?,1
image_0038.png,Can you tell how many Leopard images are there in this picture?,1
image_0039.png,"In this image, how many Bear are present?",4
image_0040.png,"In this image, how many Leopard are present?",2
image_0041.png,How many times does the Cheetah appear in this image?,2
image_0042.png,How many images of Homa are in this image?,1
image_0043.png,How many images of Leopard are in this image?,1
image_0044.png,How many times does the Cheetah appear in this image?,4
image_0045.png,Can you tell how many Leopard images are there in this picture?,3
image_0046.png,How many images of Bear are in this image?,2
image_0047.png,How many times does the Cheetah appear in this image?,4
image_0048.png,Can you tell how many Cheetah images are there in this picture?,4
image_0049.png,What is the count of Leopard images in this image?,2
image_0050.png,"In this image, how many Bear are present?",2
image_0051.png,Can you tell how many Cheetah images are there in this picture?,4
image_0052.png,How many images of Cheetah are in this image?,2
image_0053.png,How many times does the Leopard appear in this image?,1
image_0054.png,What is the count of Cheetah images in this image?,2
image_0055.png,What is the count of Cheetah images in this image?,2
image_0056.png,"In this image, how many Leopard are present?",2
image_0057.png,"In this image, how many Leopard are present?",1
image_0058.png,Can you tell how many Cheetah images are there in this picture?,4
image_0059.png,How many times does the Leopard appear in this image?,3
image_0060.png,Can you tell how many Leopard images are there in this picture?,1
image_0061.png,How many images of Cheetah are in this image?,4
image_0062.png,How many images of Leopard are in this image?,1
image_0063.png,"In this image, how many Cheetah are present?",2
image_0064.png,How many times does the Cheetah appear in this image?,1
image_0065.png,How many times does the Cheetah appear in this image?,2
image_0066.png,How many images of Cheetah are in this image?,4
image_0067.png,How many images of Cheetah are in this image?,3
image_0068.png,What is the count of Cheetah images in this image?,4
image_0069.png,Can you tell how many Leopard images are there in this picture?,3
image_0070.png,How many times does the Cheetah appear in this image?,4
image_0071.png,How many images of Bear are in this image?,3
image_0072.png,Can you tell how many Leopard images are there in this picture?,1
image_0073.png,"In this image, how many Cheetah are present?",4
image_0074.png,Can you tell how many Leopard images are there in this picture?,1
image_0075.png,"In this image, how many Cheetah are present?",4
image_0076.png,What is the count of Homa images in this image?,2
image_0077.png,"In this image, how many Cheetah are present?",2
image_0078.png,How many images of Homa are in this image?,4
image_0079.png,How many times does the Homa appear in this image?,2
image_0080.png,Can you tell how many Cheetah images are there in this picture?,1
image_0081.png,What is the count of Leopard images in this image?,3
image_0082.png,How many times does the Cheetah appear in this image?,4
image_0083.png,How many times does the Leopard appear in this image?,2
image_0084.png,"In this image, how many Leopard are present?",4
image_0085.png,What is the count of Leopard images in this image?,2
image_0086.png,What is the count of Cheetah images in this image?,3
image_0087.png,Can you tell how many Homa images are there in this picture?,1
image_0088.png,Can you tell how many Bear images are there in this picture?,2
image_0089.png,Can you tell how many Leopard images are there in this picture?,2
image_0090.png,Can you tell how many Cheetah images are there in this picture?,1
image_0091.png,How many times does the Leopard appear in this image?,2
image_0092.png,"In this image, how many Leopard are present?",4
image_0093.png,How many images of Homa are in this image?,1
image_0094.png,What is the count of Leopard images in this image?,1
image_0095.png,How many times does the Homa appear in this image?,1
image_0096.png,"In this image, how many Cheetah are present?",4
image_0097.png,"In this image, how many Cheetah are present?",4
image_0098.png,"In this image, how many Cheetah are present?",2
image_0099.png,"In this image, how many Leopard are present?",4
image_0100.png,How many times does the Bear appear in this image?,1
image_0101.png,Can you tell how many Cheetah images are there in this picture?,2
image_0102.png,Can you tell how many Cheetah images are there in this picture?,3
image_0103.png,"In this image, how many Bear are present?",1
image_0104.png,What is the count of Cheetah images in this image?,3
image_0105.png,How many times does the Leopard appear in this image?,2
image_0106.png,How many images of Cheetah are in this image?,4
image_0107.png,How many images of Cheetah are in this image?,3
image_0108.png,How many times does the Bear appear in this image?,1
image_0109.png,Can you tell how many Cheetah images are there in this picture?,4
image_0110.png,How many times does the Bear appear in this image?,3
image_0111.png,"In this image, how many Cheetah are present?",4
image_0112.png,Can you tell how many Homa images are there in this picture?,1
image_0113.png,"In this image, how many Bear are present?",1
image_0114.png,Can you tell how many Leopard images are there in this picture?,2
image_0115.png,How many times does the Homa appear in this image?,2
image_0116.png,"In this image, how many Homa are present?",3
image_0117.png,How many images of Leopard are in this image?,3
image_0118.png,Can you tell how many Cheetah images are there in this picture?,3
image_0119.png,How many times does the Homa appear in this image?,2
image_0120.png,How many times does the Cheetah appear in this image?,4
image_0121.png,Can you tell how many Leopard images are there in this picture?,1
image_0122.png,"In this image, how many Cheetah are present?",3
image_0123.png,"In this image, how many Cheetah are present?",1
image_0124.png,How many times does the Bear appear in this image?,2
image_0125.png,How many times does the Cheetah appear in this image?,2
image_0126.png,How many images of Homa are in this image?,1
image_0127.png,How many images of Cheetah are in this image?,3
image_0128.png,What is the count of Leopard images in this image?,1
image_0129.png,How many images of Cheetah are in this image?,4
image_0130.png,How many times does the Cheetah appear in this image?,4
image_0131.png,"In this image, how many Cheetah are present?",4
image_0132.png,How many times does the Leopard appear in this image?,4
image_0133.png,Can you tell how many Cheetah images are there in this picture?,1
image_0134.png,How many images of Leopard are in this image?,1
image_0135.png,"In this image, how many Cheetah are present?",3
image_0136.png,What is the count of Cheetah images in this image?,4
image_0137.png,What is the count of Bear images in this image?,1
image_0138.png,What is the count of Cheetah images in this image?,3
image_0139.png,How many times does the Homa appear in this image?,1
image_0140.png,How many images of Cheetah are in this image?,3
image_0141.png,"In this image, how many Homa are present?",4
image_0142.png,"In this image, how many Cheetah are present?",4
image_0143.png,Can you tell how many Cheetah images are there in this picture?,3
image_0144.png,What is the count of Leopard images in this image?,2
image_0145.png,What is the count of Bear images in this image?,2
image_0146.png,"In this image, how many Cheetah are present?",1
image_0147.png,Can you tell how many Homa images are there in this picture?,1
image_0148.png,What is the count of Leopard images in this image?,1
image_0149.png,"In this image, how many Cheetah are present?",3
image_0150.png,How many times does the Bear appear in this image?,2
image_0151.png,How many images of Bear are in this image?,2
image_0152.png,How many images of Leopard are in this image?,1
image_0153.png,How many times does the Leopard appear in this image?,1
image_0154.png,How many times does the Leopard appear in this image?,3
image_0155.png,How many images of Cheetah are in this image?,4
image_0156.png,How many images of Leopard are in this image?,1
image_0157.png,"In this image, how many Leopard are present?",1
image_0158.png,How many images of Cheetah are in this image?,4
image_0159.png,What is the count of Bear images in this image?,1
image_0160.png,How many times does the Cheetah appear in this image?,2
image_0161.png,How many images of Leopard are in this image?,2
image_0162.png,How many images of Leopard are in this image?,2
image_0163.png,What is the count of Leopard images in this image?,2
image_0164.png,"In this image, how many Cheetah are present?",3
image_0165.png,How many times does the Leopard appear in this image?,3
image_0166.png,What is the count of Bear images in this image?,1
image_0167.png,How many images of Bear are in this image?,1
image_0168.png,How many times does the Homa appear in this image?,1
image_0169.png,Can you tell how many Cheetah images are there in this picture?,2
image_0170.png,Can you tell how many Cheetah images are there in this picture?,1
image_0171.png,How many times does the Leopard appear in this image?,3
image_0172.png,"In this image, how many Cheetah are present?",1
image_0173.png,What is the count of Cheetah images in this image?,2
image_0174.png,How many images of Leopard are in this image?,1
image_0175.png,How many times does the Homa appear in this image?,1
image_0176.png,How many images of Leopard are in this image?,1
image_0177.png,"In this image, how many Cheetah are present?",1
image_0178.png,What is the count of Cheetah images in this image?,4
image_0179.png,Can you tell how many Cheetah images are there in this picture?,4
image_0180.png,What is the count of Cheetah images in this image?,4
image_0181.png,How many images of Leopard are in this image?,2
image_0182.png,What is the count of Leopard images in this image?,1
image_0183.png,Can you tell how many Bear images are there in this picture?,3
image_0184.png,"In this image, how many Cheetah are present?",4
image_0185.png,"In this image, how many Bear are present?",2
image_0186.png,Can you tell how many Homa images are there in this picture?,3
image_0187.png,How many images of Homa are in this image?,4
image_0188.png,How many images of Bear are in this image?,1
image_0189.png,"In this image, how many Cheetah are present?",4
image_0190.png,"In this image, how many Cheetah are present?",2
image_0191.png,"In this image, how many Leopard are present?",3
image_0192.png,Can you tell how many Leopard images are there in this picture?,1
image_0193.png,What is the count of Leopard images in this image?,2
image_0194.png,How many times does the Homa appear in this image?,3
image_0195.png,"In this image, how many Cheetah are present?",4
image_0196.png,"In this image, how many Cheetah are present?",3
image_0197.png,What is the count of Leopard images in this image?,1
image_0198.png,Can you tell how many Cheetah images are there in this picture?,2
image_0199.png,How many images of Cheetah are in this image?,3
image_0200.png,How many images of Cheetah are in this image?,3
image_0201.png,Can you tell how many Cheetah images are there in this picture?,4
image_0202.png,How many images of Bear are in this image?,1
image_0203.png,How many images of Cheetah are in this image?,1
image_0204.png,What is the count of Cheetah images in this image?,4
image_0205.png,How many images of Bear are in this image?,1
image_0206.png,What is the count of Bear images in this image?,1
image_0207.png,"In this image, how many Cheetah are present?",1
image_0208.png,Can you tell how many Homa images are there in this picture?,2
image_0209.png,Can you tell how many Homa images are there in this picture?,2
image_0210.png,How many times does the Cheetah appear in this image?,3
image_0211.png,What is the count of Homa images in this image?,2
image_0212.png,"In this image, how many Leopard are present?",3
image_0213.png,What is the count of Cheetah images in this image?,2
image_0214.png,How many images of Leopard are in this image?,1
image_0215.png,How many times does the Cheetah appear in this image?,1
image_0216.png,"In this image, how many Cheetah are present?",3
image_0217.png,"In this image, how many Cheetah are present?",4
image_0218.png,How many images of Cheetah are in this image?,1
image_0219.png,How many times does the Bear appear in this image?,1
image_0220.png,Can you tell how many Cheetah images are there in this picture?,4
image_0221.png,"In this image, how many Cheetah are present?",4
image_0222.png,How many times does the Leopard appear in this image?,2
image_0223.png,"In this image, how many Cheetah are present?",4
image_0224.png,What is the count of Cheetah images in this image?,4
image_0225.png,Can you tell how many Cheetah images are there in this picture?,1
image_0226.png,"In this image, how many Homa are present?",1
image_0227.png,What is the count of Cheetah images in this image?,1
image_0228.png,How many images of Cheetah are in this image?,4
image_0229.png,What is the count of Cheetah images in this image?,3
image_0230.png,What is the count of Leopard images in this image?,2
image_0231.png,"In this image, how many Cheetah are present?",4
image_0232.png,How many times does the Cheetah appear in this image?,4
image_0233.png,Can you tell how many Cheetah images are there in this picture?,1
image_0234.png,"In this image, how many Leopard are present?",1
image_0235.png,How many images of Bear are in this image?,1
image_0236.png,How many times does the Cheetah appear in this image?,2
image_0237.png,"In this image, how many Cheetah are present?",4
image_0238.png,"In this image, how many Homa are present?",1
image_0239.png,How many times does the Homa appear in this image?,3
image_0240.png,"In this image, how many Cheetah are present?",4
image_0241.png,Can you tell how many Homa images are there in this picture?,1
image_0242.png,"In this image, how many Leopard are present?",2
image_0243.png,What is the count of Cheetah images in this image?,4
image_0244.png,Can you tell how many Cheetah images are there in this picture?,4
image_0245.png,Can you tell how many Homa images are there in this picture?,1
image_0246.png,How many images of Cheetah are in this image?,2
image_0247.png,How many images of Bear are in this image?,1
image_0248.png,What is the count of Cheetah images in this image?,1
image_0249.png,"In this image, how many Homa are present?",1
image_0250.png,How many times does the Cheetah appear in this image?,3
image_0251.png,What is the count of Cheetah images in this image?,4
image_0252.png,"In this image, how many Cheetah are present?",4
image_0253.png,What is the count of Bear images in this image?,1
image_0254.png,How many images of Leopard are in this image?,2
image_0255.png,How many images of Cheetah are in this image?,1
image_0256.png,What is the count of Bear images in this image?,1
image_0257.png,What is the count of Cheetah images in this image?,2
image_0258.png,How many times does the Bear appear in this image?,3
image_0259.png,What is the count of Leopard images in this image?,1
image_0260.png,How many times does the Leopard appear in this image?,3
image_0261.png,"In this image, how many Leopard are present?",3
image_0262.png,Can you tell how many Leopard images are there in this picture?,1
image_0263.png,"In this image, how many Homa are present?",2
image_0264.png,What is the count of Cheetah images in this image?,3
image_0265.png,What is the count of Leopard images in this image?,2
image_0266.png,Can you tell how many Leopard images are there in this picture?,4
image_0267.png,Can you tell how many Cheetah images are there in this picture?,3
image_0268.png,"In this image, how many Cheetah are present?",1
image_0269.png,What is the count of Homa images in this image?,1
image_0270.png,How many images of Bear are in this image?,1
image_0271.png,"In this image, how many Cheetah are present?",4
image_0272.png,"In this image, how many Leopard are present?",3
image_0273.png,What is the count of Leopard images in this image?,4
image_0274.png,How many times does the Cheetah appear in this image?,4
image_0275.png,Can you tell how many Leopard images are there in this picture?,3
image_0276.png,What is the count of Homa images in this image?,1
image_0277.png,How many images of Cheetah are in this image?,3
image_0278.png,"In this image, how many Cheetah are present?",1
image_0279.png,How many images of Leopard are in this image?,1
image_0280.png,How many times does the Leopard appear in this image?,2
image_0281.png,Can you tell how many Leopard images are there in this picture?,1
image_0282.png,What is the count of Cheetah images in this image?,4
image_0283.png,What is the count of Cheetah images in this image?,2
image_0284.png,"In this image, how many Leopard are present?",2
image_0285.png,How many images of Cheetah are in this image?,1
image_0286.png,How many images of Leopard are in this image?,4
image_0287.png,"In this image, how many Cheetah are present?",2
image_0288.png,How many times does the Leopard appear in this image?,1
image_0289.png,How many images of Bear are in this image?,3
image_0290.png,"In this image, how many Cheetah are present?",2
image_0291.png,How many times does the Leopard appear in this image?,1
image_0292.png,"In this image, how many Bear are present?",1
image_0293.png,"In this image, how many Leopard are present?",2
image_0294.png,"In this image, how many Cheetah are present?",2
image_0295.png,"In this image, how many Bear are present?",3
image_0296.png,"In this image, how many Cheetah are present?",4
image_0297.png,How many times does the Cheetah appear in this image?,2
image_0298.png,Can you tell how many Cheetah images are there in this picture?,4
image_0299.png,"In this image, how many Cheetah are present?",3
image_0300.png,"In this image, how many Bear are present?",1
image_0301.png,How many images of Leopard are in this image?,2
image_0302.png,How many times does the Bear appear in this image?,1
image_0303.png,How many times does the Homa appear in this image?,1
image_0304.png,"In this image, how many Cheetah are present?",4
image_0305.png,Can you tell how many Leopard images are there in this picture?,1
image_0306.png,"In this image, how many Leopard are present?",1
image_0307.png,What is the count of Cheetah images in this image?,3
image_0308.png,What is the count of Bear images in this image?,1
image_0309.png,How many times does the Cheetah appear in this image?,1
image_0310.png,Can you tell how many Cheetah images are there in this picture?,1
image_0311.png,Can you tell how many Cheetah images are there in this picture?,2
image_0312.png,How many times does the Leopard appear in this image?,3
image_0313.png,"In this image, how many Homa are present?",1
image_0314.png,What is the count of Cheetah images in this image?,1
image_0315.png,How many images of Cheetah are in this image?,1
image_0316.png,How many times does the Cheetah appear in this image?,1
image_0317.png,"In this image, how many Cheetah are present?",1
image_0318.png,How many times does the Cheetah appear in this image?,4
image_0319.png,How many images of Leopard are in this image?,2
image_0320.png,What is the count of Cheetah images in this image?,3
image_0321.png,How many images of Bear are in this image?,1
image_0322.png,How many times does the Leopard appear in this image?,3
image_0323.png,Can you tell how many Cheetah images are there in this picture?,4
image_0324.png,"In this image, how many Bear are present?",1
image_0325.png,What is the count of Cheetah images in this image?,1
image_0326.png,What is the count of Leopard images in this image?,3
image_0327.png,What is the count of Bear images in this image?,3
image_0328.png,How many images of Leopard are in this image?,2
image_0329.png,Can you tell how many Cheetah images are there in this picture?,4
image_0330.png,How many times does the Leopard appear in this image?,4
image_0331.png,How many images of Bear are in this image?,2
image_0332.png,Can you tell how many Cheetah images are there in this picture?,4
image_0333.png,How many images of Homa are in this image?,1
image_0334.png,What is the count of Cheetah images in this image?,2
image_0335.png,"In this image, how many Leopard are present?",2
image_0336.png,"In this image, how many Cheetah are present?",4
image_0337.png,How many times does the Cheetah appear in this image?,2
image_0338.png,How many images of Homa are in this image?,1
image_0339.png,How many images of Leopard are in this image?,4
image_0340.png,"In this image, how many Bear are present?",1
image_0341.png,Can you tell how many Leopard images are there in this picture?,3
image_0342.png,"In this image, how many Leopard are present?",1
image_0343.png,Can you tell how many Leopard images are there in this picture?,3
image_0344.png,How many times does the Cheetah appear in this image?,4
image_0345.png,Can you tell how many Leopard images are there in this picture?,4
image_0346.png,What is the count of Cheetah images in this image?,4
image_0347.png,Can you tell how many Cheetah images are there in this picture?,4
image_0348.png,How many times does the Leopard appear in this image?,2
image_0349.png,How many times does the Leopard appear in this image?,3
image_0350.png,How many images of Homa are in this image?,3
image_0351.png,How many times does the Cheetah appear in this image?,3
image_0352.png,"In this image, how many Leopard are present?",2
image_0353.png,How many images of Cheetah are in this image?,4
image_0354.png,"In this image, how many Bear are present?",1
image_0355.png,"In this image, how many Cheetah are present?",1
image_0356.png,How many images of Bear are in this image?,1
image_0357.png,How many images of Homa are in this image?,1
image_0358.png,What is the count of Cheetah images in this image?,1
image_0359.png,"In this image, how many Cheetah are present?",2
image_0360.png,How many images of Homa are in this image?,1
image_0361.png,How many images of Bear are in this image?,1
image_0362.png,What is the count of Cheetah images in this image?,4
image_0363.png,What is the count of Leopard images in this image?,2
image_0364.png,How many times does the Bear appear in this image?,1
image_0365.png,How many times does the Cheetah appear in this image?,3
image_0366.png,How many times does the Cheetah appear in this image?,1
image_0367.png,What is the count of Cheetah images in this image?,2
image_0368.png,How many times does the Homa appear in this image?,3
image_0369.png,What is the count of Leopard images in this image?,2
image_0370.png,How many images of Bear are in this image?,3
image_0371.png,Can you tell how many Homa images are there in this picture?,1
image_0372.png,How many times does the Bear appear in this image?,2
image_0373.png,Can you tell how many Leopard images are there in this picture?,1
image_0374.png,How many times does the Cheetah appear in this image?,1
image_0375.png,What is the count of Cheetah images in this image?,4
image_0376.png,What is the count of Homa images in this image?,2
image_0377.png,What is the count of Cheetah images in this image?,2
image_0378.png,How many times does the Cheetah appear in this image?,3
image_0379.png,What is the count of Leopard images in this image?,1
image_0380.png,Can you tell how many Homa images are there in this picture?,1
image_0381.png,Can you tell how many Leopard images are there in this picture?,3
image_0382.png,How many times does the Cheetah appear in this image?,4
image_0383.png,"In this image, how many Cheetah are present?",2
image_0384.png,How many images of Homa are in this image?,2
image_0385.png,How many images of Homa are in this image?,1
image_0386.png,How many images of Homa are in this image?,1
image_0387.png,Can you tell how many Cheetah images are there in this picture?,3
image_0388.png,Can you tell how many Leopard images are there in this picture?,2
image_0389.png,How many images of Cheetah are in this image?,1
image_0390.png,What is the count of Leopard images in this image?,2
image_0391.png,How many images of Cheetah are in this image?,2
image_0392.png,How many times does the Cheetah appear in this image?,4
image_0393.png,Can you tell how many Cheetah images are there in this picture?,4
image_0394.png,What is the count of Cheetah images in this image?,3
image_0395.png,How many images of Homa are in this image?,2
image_0396.png,How many times does the Homa appear in this image?,1
image_0397.png,"In this image, how many Leopard are present?",3
image_0398.png,"In this image, how many Leopard are present?",4
image_0399.png,How many images of Cheetah are in this image?,4
image_0400.png,Can you tell how many Cheetah images are there in this picture?,1
image_0401.png,Can you tell how many Leopard images are there in this picture?,3
image_0402.png,"In this image, how many Cheetah are present?",1
image_0403.png,Can you tell how many Cheetah images are there in this picture?,4
image_0404.png,"In this image, how many Homa are present?",3
image_0405.png,Can you tell how many Leopard images are there in this picture?,1
image_0406.png,"In this image, how many Leopard are present?",1
image_0407.png,How many times does the Bear appear in this image?,1
image_0408.png,How many times does the Leopard appear in this image?,2
image_0409.png,"In this image, how many Leopard are present?",2
image_0410.png,What is the count of Cheetah images in this image?,3
image_0411.png,Can you tell how many Leopard images are there in this picture?,4
image_0412.png,What is the count of Leopard images in this image?,4
image_0413.png,Can you tell how many Leopard images are there in this picture?,1
image_0414.png,What is the count of Homa images in this image?,2
image_0415.png,"In this image, how many Leopard are present?",1
image_0416.png,"In this image, how many Cheetah are present?",2
image_0417.png,"In this image, how many Leopard are present?",1
image_0418.png,Can you tell how many Bear images are there in this picture?,1
image_0419.png,How many times does the Leopard appear in this image?,2
image_0420.png,What is the count of Leopard images in this image?,3
image_0421.png,What is the count of Bear images in this image?,1
image_0422.png,What is the count of Cheetah images in this image?,2
image_0423.png,How many images of Leopard are in this image?,1
image_0424.png,Can you tell how many Leopard images are there in this picture?,1
image_0425.png,Can you tell how many Cheetah images are there in this picture?,2
image_0426.png,How many times does the Leopard appear in this image?,1
image_0427.png,Can you tell how many Leopard images are there in this picture?,1
image_0428.png,What is the count of Cheetah images in this image?,4
image_0429.png,"In this image, how many Cheetah are present?",2
image_0430.png,How many times does the Homa appear in this image?,1
image_0431.png,How many images of Cheetah are in this image?,3
image_0432.png,What is the count of Homa images in this image?,1
image_0433.png,How many times does the Cheetah appear in this image?,2
image_0434.png,How many times does the Cheetah appear in this image?,1
image_0435.png,Can you tell how many Cheetah images are there in this picture?,4
image_0436.png,How many times does the Cheetah appear in this image?,3
image_0437.png,Can you tell how many Cheetah images are there in this picture?,2
image_0438.png,Can you tell how many Leopard images are there in this picture?,1
image_0439.png,How many images of Bear are in this image?,1
image_0440.png,"In this image, how many Leopard are present?",1
image_0441.png,"In this image, how many Cheetah are present?",1
image_0442.png,How many images of Cheetah are in this image?,4
image_0443.png,How many images of Cheetah are in this image?,4
image_0444.png,Can you tell how many Leopard images are there in this picture?,3
image_0445.png,How many images of Bear are in this image?,1
image_0446.png,Can you tell how many Leopard images are there in this picture?,2
image_0447.png,How many times does the Leopard appear in this image?,2
image_0448.png,How many images of Cheetah are in this image?,1
image_0449.png,Can you tell how many Cheetah images are there in this picture?,1
image_0450.png,"In this image, how many Leopard are present?",2
image_0451.png,How many images of Bear are in this image?,1
image_0452.png,Can you tell how many Homa images are there in this picture?,1
image_0453.png,What is the count of Bear images in this image?,1
image_0454.png,Can you tell how many Cheetah images are there in this picture?,3
image_0455.png,Can you tell how many Homa images are there in this picture?,3
image_0456.png,How many images of Bear are in this image?,1
image_0457.png,Can you tell how many Cheetah images are there in this picture?,4
image_0458.png,How many times does the Leopard appear in this image?,1
image_0459.png,What is the count of Cheetah images in this image?,1
image_0460.png,"In this image, how many Leopard are present?",2
image_0461.png,How many images of Bear are in this image?,2
image_0462.png,"In this image, how many Cheetah are present?",3
image_0463.png,What is the count of Cheetah images in this image?,2
image_0464.png,What is the count of Cheetah images in this image?,4
image_0465.png,How many times does the Cheetah appear in this image?,4
image_0466.png,Can you tell how many Leopard images are there in this picture?,1
image_0467.png,What is the count of Cheetah images in this image?,4
image_0468.png,What is the count of Homa images in this image?,1
image_0469.png,How many images of Leopard are in this image?,3
image_0470.png,How many times does the Leopard appear in this image?,1
image_0471.png,What is the count of Cheetah images in this image?,3
image_0472.png,"In this image, how many Cheetah are present?",1
image_0473.png,How many times does the Cheetah appear in this image?,2
image_0474.png,How many times does the Leopard appear in this image?,3
image_0475.png,How many images of Cheetah are in this image?,4
image_0476.png,How many times does the Cheetah appear in this image?,4
image_0477.png,Can you tell how many Leopard images are there in this picture?,2
image_0478.png,How many images of Leopard are in this image?,2
image_0479.png,Can you tell how many Bear images are there in this picture?,1
image_0480.png,How many images of Cheetah are in this image?,2
image_0481.png,Can you tell how many Cheetah images are there in this picture?,1
image_0482.png,How many images of Bear are in this image?,2
image_0483.png,"In this image, how many Leopard are present?",2
image_0484.png,"In this image, how many Cheetah are present?",4
image_0485.png,"In this image, how many Cheetah are present?",4
image_0486.png,How many images of Homa are in this image?,1
image_0487.png,How many images of Cheetah are in this image?,4
image_0488.png,How many images of Homa are in this image?,1
image_0489.png,"In this image, how many Leopard are present?",3
image_0490.png,What is the count of Leopard images in this image?,1
image_0491.png,"In this image, how many Cheetah are present?",2
image_0492.png,How many times does the Bear appear in this image?,2
image_0493.png,"In this image, how many Cheetah are present?",2
image_0494.png,Can you tell how many Bear images are there in this picture?,2
image_0495.png,"In this image, how many Bear are present?",1
image_0496.png,How many times does the Cheetah appear in this image?,4
image_0497.png,How many images of Leopard are in this image?,1
image_0498.png,What is the count of Cheetah images in this image?,1
image_0499.png,How many times does the Cheetah appear in this image?,1
image_0500.png,How many times does the Cheetah appear in this image?,1
image_0501.png,How many images of Homa are in this image?,3
image_0502.png,How many images of Cheetah are in this image?,4
image_0503.png,How many images of Cheetah are in this image?,2
image_0504.png,Can you tell how many Cheetah images are there in this picture?,4
image_0505.png,How many times does the Bear appear in this image?,3
image_0506.png,Can you tell how many Leopard images are there in this picture?,2
image_0507.png,Can you tell how many Leopard images are there in this picture?,3
image_0508.png,How many times does the Cheetah appear in this image?,2
image_0509.png,Can you tell how many Leopard images are there in this picture?,2
image_0510.png,How many times does the Cheetah appear in this image?,4
image_0511.png,Can you tell how many Homa images are there in this picture?,1
image_0512.png,What is the count of Cheetah images in this image?,4
image_0513.png,How many images of Cheetah are in this image?,4
image_0514.png,What is the count of Homa images in this image?,3
image_0515.png,How many times does the Leopard appear in this image?,1
image_0516.png,How many times does the Leopard appear in this image?,1
image_0517.png,How many times does the Leopard appear in this image?,2
image_0518.png,What is the count of Cheetah images in this image?,3
image_0519.png,Can you tell how many Bear images are there in this picture?,1
image_0520.png,Can you tell how many Cheetah images are there in this picture?,4
image_0521.png,"In this image, how many Cheetah are present?",2
image_0522.png,Can you tell how many Cheetah images are there in this picture?,4
image_0523.png,Can you tell how many Cheetah images are there in this picture?,2
image_0524.png,"In this image, how many Leopard are present?",2
image_0525.png,What is the count of Homa images in this image?,1
image_0526.png,What is the count of Bear images in this image?,1
image_0527.png,What is the count of Bear images in this image?,1
image_0528.png,Can you tell how many Leopard images are there in this picture?,1
image_0529.png,How many times does the Leopard appear in this image?,1
image_0530.png,"In this image, how many Cheetah are present?",3
image_0531.png,What is the count of Cheetah images in this image?,4
image_0532.png,How many images of Homa are in this image?,2
image_0533.png,Can you tell how many Cheetah images are there in this picture?,2
image_0534.png,How many times does the Cheetah appear in this image?,4
image_0535.png,How many times does the Leopard appear in this image?,2
image_0536.png,How many images of Leopard are in this image?,2
image_0537.png,Can you tell how many Cheetah images are there in this picture?,2
image_0538.png,Can you tell how many Cheetah images are there in this picture?,3
image_0539.png,"In this image, how many Cheetah are present?",4
image_0540.png,What is the count of Cheetah images in this image?,1
image_0541.png,How many images of Leopard are in this image?,1
image_0542.png,What is the count of Homa images in this image?,3
image_0543.png,"In this image, how many Homa are present?",1
image_0544.png,"In this image, how many Homa are present?",1
image_0545.png,How many times does the Leopard appear in this image?,2
image_0546.png,"In this image, how many Leopard are present?",2
image_0547.png,What is the count of Cheetah images in this image?,3
image_0548.png,How many times does the Leopard appear in this image?,2
image_0549.png,"In this image, how many Leopard are present?",3
image_0550.png,How many times does the Leopard appear in this image?,2
image_0551.png,What is the count of Homa images in this image?,1
image_0552.png,How many times does the Cheetah appear in this image?,4
image_0553.png,How many times does the Cheetah appear in this image?,1
image_0554.png,"In this image, how many Cheetah are present?",4
image_0555.png,How many images of Cheetah are in this image?,1
image_0556.png,"In this image, how many Cheetah are present?",3
image_0557.png,What is the count of Cheetah images in this image?,4
image_0558.png,What is the count of Bear images in this image?,2
image_0559.png,How many images of Bear are in this image?,1
image_0560.png,What is the count of Homa images in this image?,1
image_0561.png,What is the count of Leopard images in this image?,3
image_0562.png,Can you tell how many Cheetah images are there in this picture?,3
image_0563.png,How many images of Cheetah are in this image?,3
image_0564.png,How many images of Leopard are in this image?,1
image_0565.png,How many images of Leopard are in this image?,3
image_0566.png,"In this image, how many Cheetah are present?",4
image_0567.png,What is the count of Bear images in this image?,2
image_0568.png,How many times does the Leopard appear in this image?,2
image_0569.png,Can you tell how many Homa images are there in this picture?,3
image_0570.png,"In this image, how many Cheetah are present?",4
image_0571.png,How many images of Bear are in this image?,1
image_0572.png,Can you tell how many Leopard images are there in this picture?,2
image_0573.png,How many times does the Leopard appear in this image?,2
image_0574.png,What is the count of Leopard images in this image?,2
image_0575.png,How many images of Cheetah are in this image?,1
image_0576.png,What is the count of Cheetah images in this image?,4
image_0577.png,Can you tell how many Cheetah images are there in this picture?,2
image_0578.png,How many times does the Cheetah appear in this image?,4
image_0579.png,"In this image, how many Bear are present?",1
image_0580.png,What is the count of Leopard images in this image?,3
image_0581.png,"In this image, how many Leopard are present?",3
image_0582.png,"In this image, how many Leopard are present?",4
image_0583.png,Can you tell how many Cheetah images are there in this picture?,4
image_0584.png,Can you tell how many Cheetah images are there in this picture?,2
image_0585.png,How many images of Cheetah are in this image?,4
image_0586.png,How many times does the Leopard appear in this image?,1
image_0587.png,"In this image, how many Bear are present?",1
image_0588.png,"In this image, how many Cheetah are present?",4
image_0589.png,How many images of Cheetah are in this image?,1
image_0590.png,What is the count of Cheetah images in this image?,4
image_0591.png,How many times does the Bear appear in this image?,1
image_0592.png,"In this image, how many Bear are present?",1
image_0593.png,How many images of Bear are in this image?,1
image_0594.png,How many images of Bear are in this image?,1
image_0595.png,"In this image, how many Bear are present?",1
image_0596.png,Can you tell how many Homa images are there in this picture?,1
image_0597.png,How many times does the Cheetah appear in this image?,4
image_0598.png,"In this image, how many Homa are present?",3
image_0599.png,What is the count of Homa images in this image?,1
image_0600.png,How many times does the Leopard appear in this image?,3
image_0601.png,"In this image, how many Leopard are present?",1
image_0602.png,Can you tell how many Leopard images are there in this picture?,3
image_0603.png,How many times does the Cheetah appear in this image?,3
image_0604.png,"In this image, how many Cheetah are present?",4
image_0605.png,How many images of Homa are in this image?,4
image_0606.png,How many images of Cheetah are in this image?,4
image_0607.png,"In this image, how many Cheetah are present?",4
image_0608.png,How many times does the Cheetah appear in this image?,4
image_0609.png,How many images of Bear are in this image?,1
image_0610.png,"In this image, how many Leopard are present?",1
image_0611.png,What is the count of Leopard images in this image?,1
image_0612.png,How many images of Cheetah are in this image?,4
image_0613.png,Can you tell how many Homa images are there in this picture?,4
image_0614.png,How many times does the Bear appear in this image?,1
image_0615.png,How many images of Bear are in this image?,1
image_0616.png,How many images of Leopard are in this image?,1
image_0617.png,"In this image, how many Cheetah are present?",3
image_0618.png,"In this image, how many Cheetah are present?",4
image_0619.png,How many times does the Cheetah appear in this image?,2
image_0620.png,Can you tell how many Leopard images are there in this picture?,1
image_0621.png,How many images of Leopard are in this image?,2
image_0622.png,How many times does the Cheetah appear in this image?,3
image_0623.png,"In this image, how many Homa are present?",1
image_0624.png,What is the count of Cheetah images in this image?,2
image_0625.png,How many times does the Cheetah appear in this image?,1
image_0626.png,How many times does the Cheetah appear in this image?,4
image_0627.png,"In this image, how many Bear are present?",1
image_0628.png,How many times does the Cheetah appear in this image?,2
image_0629.png,How many images of Bear are in this image?,2
image_0630.png,"In this image, how many Leopard are present?",1
image_0631.png,"In this image, how many Leopard are present?",1
image_0632.png,"In this image, how many Cheetah are present?",3
image_0633.png,"In this image, how many Leopard are present?",2
image_0634.png,How many times does the Leopard appear in this image?,1
image_0635.png,How many images of Leopard are in this image?,1
image_0636.png,How many images of Cheetah are in this image?,2
image_0637.png,How many times does the Cheetah appear in this image?,4
image_0638.png,"In this image, how many Cheetah are present?",1
image_0639.png,How many images of Cheetah are in this image?,3
image_0640.png,What is the count of Cheetah images in this image?,3
image_0641.png,How many images of Cheetah are in this image?,4
image_0642.png,What is the count of Leopard images in this image?,3
image_0643.png,Can you tell how many Cheetah images are there in this picture?,4
image_0644.png,Can you tell how many Leopard images are there in this picture?,2
image_0645.png,"In this image, how many Homa are present?",1
image_0646.png,How many times does the Cheetah appear in this image?,4
image_0647.png,"In this image, how many Leopard are present?",1
image_0648.png,Can you tell how many Homa images are there in this picture?,1
image_0649.png,"In this image, how many Cheetah are present?",4
image_0650.png,What is the count of Homa images in this image?,2
image_0651.png,How many times does the Cheetah appear in this image?,1
image_0652.png,What is the count of Cheetah images in this image?,4
image_0653.png,How many times does the Cheetah appear in this image?,1
image_0654.png,What is the count of Cheetah images in this image?,3
image_0655.png,What is the count of Cheetah images in this image?,4
image_0656.png,What is the count of Homa images in this image?,1
image_0657.png,How many images of Cheetah are in this image?,1
image_0658.png,What is the count of Bear images in this image?,2
image_0659.png,"In this image, how many Bear are present?",3
image_0660.png,Can you tell how many Bear images are there in this picture?,1
image_0661.png,"In this image, how many Cheetah are present?",3
image_0662.png,What is the count of Cheetah images in this image?,3
image_0663.png,What is the count of Leopard images in this image?,1
image_0664.png,How many images of Leopard are in this image?,2
image_0665.png,Can you tell how many Leopard images are there in this picture?,1
image_0666.png,How many images of Homa are in this image?,1
image_0667.png,"In this image, how many Cheetah are present?",1
image_0668.png,How many images of Leopard are in this image?,2
image_0669.png,Can you tell how many Bear images are there in this picture?,1
image_0670.png,What is the count of Cheetah images in this image?,4
image_0671.png,"In this image, how many Cheetah are present?",3
image_0672.png,How many times does the Cheetah appear in this image?,4
image_0673.png,Can you tell how many Leopard images are there in this picture?,2
image_0674.png,Can you tell how many Cheetah images are there in this picture?,3
image_0675.png,What is the count of Bear images in this image?,1
image_0676.png,How many times does the Cheetah appear in this image?,1
image_0677.png,Can you tell how many Cheetah images are there in this picture?,3
image_0678.png,Can you tell how many Cheetah images are there in this picture?,3
image_0679.png,Can you tell how many Cheetah images are there in this picture?,3
image_0680.png,How many images of Homa are in this image?,1
image_0681.png,How many images of Cheetah are in this image?,2
image_0682.png,How many images of Cheetah are in this image?,4
image_0683.png,How many times does the Cheetah appear in this image?,1
image_0684.png,How many images of Cheetah are in this image?,4
image_0685.png,Can you tell how many Homa images are there in this picture?,1
image_0686.png,How many images of Leopard are in this image?,1
image_0687.png,"In this image, how many Leopard are present?",1
image_0688.png,"In this image, how many Cheetah are present?",1
image_0689.png,Can you tell how many Cheetah images are there in this picture?,4
image_0690.png,How many times does the Cheetah appear in this image?,4
image_0691.png,How many times does the Homa appear in this image?,1
image_0692.png,What is the count of Leopard images in this image?,2
image_0693.png,How many images of Bear are in this image?,2
image_0694.png,How many times does the Cheetah appear in this image?,1
image_0695.png,"In this image, how many Cheetah are present?",2
image_0696.png,What is the count of Cheetah images in this image?,4
image_0697.png,How many images of Cheetah are in this image?,4
image_0698.png,"In this image, how many Bear are present?",1
image_0699.png,Can you tell how many Cheetah images are there in this picture?,2
image_0700.png,How many images of Homa are in this image?,2
image_0701.png,How many images of Cheetah are in this image?,3
image_0702.png,How many images of Cheetah are in this image?,4
image_0703.png,What is the count of Cheetah images in this image?,2
image_0704.png,"In this image, how many Homa are present?",1
image_0705.png,"In this image, how many Cheetah are present?",4
image_0706.png,How many images of Leopard are in this image?,4
image_0707.png,"In this image, how many Cheetah are present?",3
image_0708.png,What is the count of Leopard images in this image?,4
image_0709.png,"In this image, how many Cheetah are present?",4
image_0710.png,Can you tell how many Cheetah images are there in this picture?,4
image_0711.png,What is the count of Homa images in this image?,1
image_0712.png,Can you tell how many Bear images are there in this picture?,2
image_0713.png,What is the count of Cheetah images in this image?,2
image_0714.png,Can you tell how many Cheetah images are there in this picture?,4
image_0715.png,How many times does the Bear appear in this image?,2
image_0716.png,Can you tell how many Cheetah images are there in this picture?,4
image_0717.png,How many times does the Bear appear in this image?,2
image_0718.png,How many times does the Bear appear in this image?,1
image_0719.png,How many images of Bear are in this image?,1
image_0720.png,What is the count of Cheetah images in this image?,3
image_0721.png,What is the count of Cheetah images in this image?,2
image_0722.png,"In this image, how many Homa are present?",1
image_0723.png,How many times does the Cheetah appear in this image?,1
image_0724.png,"In this image, how many Cheetah are present?",1
image_0725.png,Can you tell how many Cheetah images are there in this picture?,4
image_0726.png,How many times does the Homa appear in this image?,1
image_0727.png,Can you tell how many Cheetah images are there in this picture?,1
image_0728.png,Can you tell how many Cheetah images are there in this picture?,1
image_0729.png,How many images of Homa are in this image?,2
image_0730.png,"In this image, how many Cheetah are present?",2
image_0731.png,How many images of Cheetah are in this image?,4
image_0732.png,How many images of Leopard are in this image?,2
image_0733.png,How many times does the Cheetah appear in this image?,2
image_0734.png,How many times does the Bear appear in this image?,1
image_0735.png,Can you tell how many Cheetah images are there in this picture?,1
image_0736.png,Can you tell how many Cheetah images are there in this picture?,4
image_0737.png,"In this image, how many Leopard are present?",4
image_0738.png,How many times does the Cheetah appear in this image?,3
image_0739.png,How many images of Cheetah are in this image?,4
image_0740.png,How many times does the Cheetah appear in this image?,1
image_0741.png,Can you tell how many Leopard images are there in this picture?,2
image_0742.png,What is the count of Homa images in this image?,4
image_0743.png,"In this image, how many Leopard are present?",2
image_0744.png,"In this image, how many Leopard are present?",2
image_0745.png,How many times does the Leopard appear in this image?,1
image_0746.png,How many images of Cheetah are in this image?,3
image_0747.png,How many times does the Cheetah appear in this image?,1
image_0748.png,How many images of Leopard are in this image?,2
image_0749.png,"In this image, how many Cheetah are present?",4
image_0750.png,How many times does the Cheetah appear in this image?,4
image_0751.png,How many times does the Cheetah appear in this image?,4
image_0752.png,What is the count of Cheetah images in this image?,4
image_0753.png,How many images of Leopard are in this image?,2
image_0754.png,What is the count of Bear images in this image?,2
image_0755.png,"In this image, how many Cheetah are present?",4
image_0756.png,How many times does the Homa appear in this image?,1
image_0757.png,What is the count of Leopard images in this image?,2
image_0758.png,How many times does the Bear appear in this image?,1
image_0759.png,"In this image, how many Homa are present?",2
image_0760.png,"In this image, how many Cheetah are present?",1
image_0761.png,How many images of Bear are in this image?,1
image_0762.png,What is the count of Cheetah images in this image?,3
image_0763.png,How many times does the Leopard appear in this image?,1
image_0764.png,What is the count of Bear images in this image?,2
image_0765.png,What is the count of Cheetah images in this image?,4
image_0766.png,How many times does the Cheetah appear in this image?,4
image_0767.png,What is the count of Homa images in this image?,1
image_0768.png,What is the count of Cheetah images in this image?,4
image_0769.png,How many images of Leopard are in this image?,4
image_0770.png,"In this image, how many Cheetah are present?",1
image_0771.png,Can you tell how many Bear images are there in this picture?,1
image_0772.png,"In this image, how many Leopard are present?",1
image_0773.png,How many images of Cheetah are in this image?,4
image_0774.png,How many times does the Cheetah appear in this image?,3
image_0775.png,How many times does the Cheetah appear in this image?,2
image_0776.png,How many times does the Bear appear in this image?,2
image_0777.png,What is the count of Bear images in this image?,2
image_0778.png,What is the count of Leopard images in this image?,4
image_0779.png,How many times does the Cheetah appear in this image?,4
image_0780.png,How many times does the Cheetah appear in this image?,2
image_0781.png,"In this image, how many Leopard are present?",2
image_0782.png,Can you tell how many Bear images are there in this picture?,2
image_0783.png,How many times does the Cheetah appear in this image?,3
image_0784.png,How many times does the Cheetah appear in this image?,2
image_0785.png,How many times does the Homa appear in this image?,1
image_0786.png,How many times does the Bear appear in this image?,1
image_0787.png,Can you tell how many Cheetah images are there in this picture?,2
image_0788.png,How many times does the Bear appear in this image?,2
image_0789.png,What is the count of Leopard images in this image?,2
image_0790.png,How many images of Cheetah are in this image?,4
image_0791.png,"In this image, how many Bear are present?",2
image_0792.png,How many times does the Homa appear in this image?,1
image_0793.png,How many times does the Cheetah appear in this image?,1
image_0794.png,How many times does the Cheetah appear in this image?,4
image_0795.png,How many times does the Homa appear in this image?,2
image_0796.png,"In this image, how many Leopard are present?",1
image_0797.png,How many times does the Bear appear in this image?,1
image_0798.png,How many times does the Cheetah appear in this image?,4
image_0799.png,"In this image, how many Cheetah are present?",2
image_0800.png,"In this image, how many Leopard are present?",2
image_0801.png,What is the count of Cheetah images in this image?,4
image_0802.png,What is the count of Homa images in this image?,1
image_0803.png,How many images of Homa are in this image?,1
image_0804.png,Can you tell how many Homa images are there in this picture?,2
image_0805.png,Can you tell how many Cheetah images are there in this picture?,4
image_0806.png,How many times does the Cheetah appear in this image?,1
image_0807.png,Can you tell how many Cheetah images are there in this picture?,4
image_0808.png,What is the count of Leopard images in this image?,3
image_0809.png,Can you tell how many Homa images are there in this picture?,1
image_0810.png,"In this image, how many Leopard are present?",3
image_0811.png,Can you tell how many Cheetah images are there in this picture?,1
image_0812.png,"In this image, how many Leopard are present?",2
image_0813.png,Can you tell how many Homa images are there in this picture?,1
image_0814.png,What is the count of Homa images in this image?,1
image_0815.png,"In this image, how many Homa are present?",1
image_0816.png,Can you tell how many Leopard images are there in this picture?,1
image_0817.png,What is the count of Cheetah images in this image?,4
image_0818.png,"In this image, how many Cheetah are present?",4
image_0819.png,How many images of Bear are in this image?,1
image_0820.png,"In this image, how many Bear are present?",3
image_0821.png,What is the count of Homa images in this image?,2
image_0822.png,How many images of Homa are in this image?,3
image_0823.png,What is the count of Homa images in this image?,1
image_0824.png,How many images of Homa are in this image?,1
image_0825.png,How many images of Cheetah are in this image?,4
image_0826.png,Can you tell how many Cheetah images are there in this picture?,4
image_0827.png,"In this image, how many Cheetah are present?",4
image_0828.png,Can you tell how many Cheetah images are there in this picture?,3
image_0829.png,How many times does the Bear appear in this image?,1
image_0830.png,Can you tell how many Cheetah images are there in this picture?,4
image_0831.png,"In this image, how many Bear are present?",2
image_0832.png,How many times does the Bear appear in this image?,1
image_0833.png,How many times does the Bear appear in this image?,1
image_0834.png,Can you tell how many Leopard images are there in this picture?,1
image_0835.png,What is the count of Cheetah images in this image?,4
image_0836.png,How many images of Bear are in this image?,1
image_0837.png,What is the count of Cheetah images in this image?,1
image_0838.png,How many times does the Bear appear in this image?,1
image_0839.png,"In this image, how many Cheetah are present?",4
image_0840.png,How many times does the Homa appear in this image?,4
image_0841.png,"In this image, how many Homa are present?",1
image_0842.png,How many images of Leopard are in this image?,2
image_0843.png,Can you tell how many Homa images are there in this picture?,1
image_0844.png,Can you tell how many Leopard images are there in this picture?,3
image_0845.png,Can you tell how many Bear images are there in this picture?,2
image_0846.png,Can you tell how many Cheetah images are there in this picture?,3
image_0847.png,How many images of Bear are in this image?,3
image_0848.png,What is the count of Cheetah images in this image?,4
image_0849.png,Can you tell how many Bear images are there in this picture?,1
image_0850.png,How many times does the Leopard appear in this image?,2
image_0851.png,Can you tell how many Leopard images are there in this picture?,2
image_0852.png,What is the count of Homa images in this image?,1
image_0853.png,Can you tell how many Cheetah images are there in this picture?,2
image_0854.png,"In this image, how many Bear are present?",1
image_0855.png,Can you tell how many Bear images are there in this picture?,1
image_0856.png,"In this image, how many Cheetah are present?",4
image_0857.png,How many times does the Leopard appear in this image?,1
image_0858.png,What is the count of Cheetah images in this image?,4
image_0859.png,How many images of Bear are in this image?,2
image_0860.png,Can you tell how many Cheetah images are there in this picture?,4
image_0861.png,What is the count of Homa images in this image?,2
image_0862.png,How many images of Cheetah are in this image?,1
image_0863.png,"In this image, how many Bear are present?",1
image_0864.png,What is the count of Homa images in this image?,2
image_0865.png,Can you tell how many Bear images are there in this picture?,1
image_0866.png,How many times does the Leopard appear in this image?,4
image_0867.png,What is the count of Cheetah images in this image?,2
image_0868.png,Can you tell how many Homa images are there in this picture?,4
image_0869.png,What is the count of Cheetah images in this image?,2
image_0870.png,"In this image, how many Cheetah are present?",1
image_0871.png,Can you tell how many Leopard images are there in this picture?,1
image_0872.png,What is the count of Homa images in this image?,1
image_0873.png,"In this image, how many Cheetah are present?",4
image_0874.png,How many images of Cheetah are in this image?,1
image_0875.png,What is the count of Cheetah images in this image?,4
image_0876.png,"In this image, how many Cheetah are present?",1
image_0877.png,Can you tell how many Cheetah images are there in this picture?,2
image_0878.png,Can you tell how many Cheetah images are there in this picture?,3
image_0879.png,"In this image, how many Bear are present?",1
image_0880.png,How many times does the Cheetah appear in this image?,4
image_0881.png,"In this image, how many Bear are present?",2
image_0882.png,Can you tell how many Cheetah images are there in this picture?,4
image_0883.png,What is the count of Cheetah images in this image?,1
image_0884.png,How many images of Cheetah are in this image?,4
image_0885.png,"In this image, how many Cheetah are present?",1
image_0886.png,"In this image, how many Cheetah are present?",1
image_0887.png,"In this image, how many Leopard are present?",1
image_0888.png,Can you tell how many Leopard images are there in this picture?,1
image_0889.png,How many times does the Leopard appear in this image?,2
image_0890.png,How many images of Bear are in this image?,1
image_0891.png,What is the count of Cheetah images in this image?,3
image_0892.png,Can you tell how many Homa images are there in this picture?,3
image_0893.png,How many images of Cheetah are in this image?,4
image_0894.png,How many times does the Cheetah appear in this image?,3
image_0895.png,Can you tell how many Leopard images are there in this picture?,1
image_0896.png,How many images of Homa are in this image?,1
image_0897.png,Can you tell how many Leopard images are there in this picture?,3
image_0898.png,Can you tell how many Homa images are there in this picture?,1
image_0899.png,How many times does the Homa appear in this image?,1
image_0900.png,How many times does the Cheetah appear in this image?,1
image_0901.png,How many images of Cheetah are in this image?,4
image_0902.png,How many images of Cheetah are in this image?,4
image_0903.png,"In this image, how many Cheetah are present?",4
image_0904.png,"In this image, how many Cheetah are present?",1
image_0905.png,"In this image, how many Cheetah are present?",2
image_0906.png,Can you tell how many Cheetah images are there in this picture?,4
image_0907.png,Can you tell how many Homa images are there in this picture?,1
image_0908.png,How many times does the Leopard appear in this image?,1
image_0909.png,How many images of Cheetah are in this image?,3
image_0910.png,What is the count of Leopard images in this image?,3
image_0911.png,How many times does the Cheetah appear in this image?,3
image_0912.png,What is the count of Cheetah images in this image?,4
image_0913.png,"In this image, how many Leopard are present?",1
image_0914.png,What is the count of Leopard images in this image?,1
image_0915.png,How many times does the Leopard appear in this image?,1
image_0916.png,Can you tell how many Bear images are there in this picture?,1
image_0917.png,What is the count of Homa images in this image?,2
image_0918.png,Can you tell how many Cheetah images are there in this picture?,4
image_0919.png,What is the count of Cheetah images in this image?,4
image_0920.png,How many times does the Leopard appear in this image?,4
image_0921.png,How many times does the Bear appear in this image?,2
image_0922.png,How many times does the Cheetah appear in this image?,4
image_0923.png,What is the count of Homa images in this image?,2
image_0924.png,Can you tell how many Homa images are there in this picture?,2
image_0925.png,How many times does the Leopard appear in this image?,1
image_0926.png,What is the count of Cheetah images in this image?,3
image_0927.png,How many times does the Leopard appear in this image?,2
image_0928.png,How many times does the Leopard appear in this image?,3
image_0929.png,What is the count of Leopard images in this image?,3
image_0930.png,How many images of Homa are in this image?,4
image_0931.png,"In this image, how many Cheetah are present?",4
image_0932.png,"In this image, how many Cheetah are present?",4
image_0933.png,Can you tell how many Homa images are there in this picture?,1
image_0934.png,"In this image, how many Cheetah are present?",1
image_0935.png,What is the count of Bear images in this image?,1
image_0936.png,How many images of Bear are in this image?,3
image_0937.png,How many times does the Cheetah appear in this image?,1
image_0938.png,How many images of Bear are in this image?,2
image_0939.png,How many times does the Cheetah appear in this image?,4
image_0940.png,How many times does the Bear appear in this image?,3
image_0941.png,How many times does the Cheetah appear in this image?,3
image_0942.png,Can you tell how many Leopard images are there in this picture?,3
image_0943.png,Can you tell how many Leopard images are there in this picture?,3
image_0944.png,Can you tell how many Cheetah images are there in this picture?,4
image_0945.png,How many times does the Cheetah appear in this image?,1
image_0946.png,How many images of Cheetah are in this image?,1
image_0947.png,How many times does the Cheetah appear in this image?,2
image_0948.png,What is the count of Cheetah images in this image?,4
image_0949.png,"In this image, how many Homa are present?",1
image_0950.png,How many times does the Cheetah appear in this image?,2
image_0951.png,How many images of Leopard are in this image?,2
image_0952.png,"In this image, how many Cheetah are present?",2
image_0953.png,How many images of Cheetah are in this image?,2
image_0954.png,How many times does the Cheetah appear in this image?,2
image_0955.png,What is the count of Leopard images in this image?,3
image_0956.png,"In this image, how many Bear are present?",2
image_0957.png,What is the count of Leopard images in this image?,2
image_0958.png,"In this image, how many Cheetah are present?",1
image_0959.png,Can you tell how many Leopard images are there in this picture?,1
image_0960.png,How many times does the Leopard appear in this image?,4
image_0961.png,What is the count of Cheetah images in this image?,3
image_0962.png,Can you tell how many Homa images are there in this picture?,4
image_0963.png,What is the count of Cheetah images in this image?,4
image_0964.png,"In this image, how many Cheetah are present?",4
image_0965.png,Can you tell how many Cheetah images are there in this picture?,3
image_0966.png,How many times does the Cheetah appear in this image?,4
image_0967.png,Can you tell how many Cheetah images are there in this picture?,3
image_0968.png,"In this image, how many Leopard are present?",1
image_0969.png,Can you tell how many Leopard images are there in this picture?,3
image_0970.png,Can you tell how many Cheetah images are there in this picture?,4
image_0971.png,How many times does the Bear appear in this image?,1
image_0972.png,What is the count of Bear images in this image?,2
image_0973.png,What is the count of Leopard images in this image?,4
image_0974.png,"In this image, how many Cheetah are present?",4
image_0975.png,"In this image, how many Homa are present?",1
image_0976.png,What is the count of Homa images in this image?,3
image_0977.png,Can you tell how many Homa images are there in this picture?,2
image_0978.png,"In this image, how many Leopard are present?",4
image_0979.png,How many times does the Cheetah appear in this image?,1
image_0980.png,How many images of Bear are in this image?,2
image_0981.png,Can you tell how many Cheetah images are there in this picture?,3
image_0982.png,How many times does the Bear appear in this image?,1
image_0983.png,How many times does the Homa appear in this image?,4
image_0984.png,How many times does the Bear appear in this image?,1
image_0985.png,What is the count of Cheetah images in this image?,4
image_0986.png,How many images of Bear are in this image?,2
image_0987.png,"In this image, how many Cheetah are present?",1
image_0988.png,How many images of Leopard are in this image?,2
image_0989.png,How many images of Bear are in this image?,3
image_0990.png,Can you tell how many Leopard images are there in this picture?,4
image_0991.png,"In this image, how many Homa are present?",2
image_0992.png,How many images of Leopard are in this image?,2
image_0993.png,Can you tell how many Leopard images are there in this picture?,3
image_0994.png,"In this image, how many Homa are present?",1
image_0995.png,"In this image, how many Homa are present?",1
image_0996.png,How many images of Cheetah are in this image?,3
image_0997.png,How many times does the Cheetah appear in this image?,1
image_0998.png,What is the count of Cheetah images in this image?,1
image_0999.png,How many images of Cheetah are in this image?,4
image_1000.png,Can you tell how many Cheetah images are there in this picture?,4
